--
-- PostgreSQL database cluster dump
--

SET default_transaction_read_only = off;

SET client_encoding = 'UTF8';
SET standard_conforming_strings = on;

--
-- Roles
--

CREATE ROLE postgres;
ALTER ROLE postgres WITH SUPERUSER INHERIT CREATEROLE CREATEDB LOGIN REPLICATION BYPASSRLS PASSWORD 'md53175bce1d3201d16594cebf9d7eb3f9d';






--
-- Databases
--

--
-- Database "template1" dump
--

\connect template1

--
-- PostgreSQL database dump
--

-- Dumped from database version 13.10 (Debian 13.10-1.pgdg110+1)
-- Dumped by pg_dump version 13.10 (Debian 13.10-1.pgdg110+1)

SET statement_timeout = 0;
SET lock_timeout = 0;
SET idle_in_transaction_session_timeout = 0;
SET client_encoding = 'UTF8';
SET standard_conforming_strings = on;
SELECT pg_catalog.set_config('search_path', '', false);
SET check_function_bodies = false;
SET xmloption = content;
SET client_min_messages = warning;
SET row_security = off;

--
-- PostgreSQL database dump complete
--

--
-- Database "postgres" dump
--

\connect postgres

--
-- PostgreSQL database dump
--

-- Dumped from database version 13.10 (Debian 13.10-1.pgdg110+1)
-- Dumped by pg_dump version 13.10 (Debian 13.10-1.pgdg110+1)

SET statement_timeout = 0;
SET lock_timeout = 0;
SET idle_in_transaction_session_timeout = 0;
SET client_encoding = 'UTF8';
SET standard_conforming_strings = on;
SELECT pg_catalog.set_config('search_path', '', false);
SET check_function_bodies = false;
SET xmloption = content;
SET client_min_messages = warning;
SET row_security = off;

SET default_tablespace = '';

SET default_table_access_method = heap;

--
-- Name: auth_group; Type: TABLE; Schema: public; Owner: postgres
--

CREATE TABLE public.auth_group (
    id integer NOT NULL,
    name character varying(150) NOT NULL
);


ALTER TABLE public.auth_group OWNER TO postgres;

--
-- Name: auth_group_id_seq; Type: SEQUENCE; Schema: public; Owner: postgres
--

ALTER TABLE public.auth_group ALTER COLUMN id ADD GENERATED BY DEFAULT AS IDENTITY (
    SEQUENCE NAME public.auth_group_id_seq
    START WITH 1
    INCREMENT BY 1
    NO MINVALUE
    NO MAXVALUE
    CACHE 1
);


--
-- Name: auth_group_permissions; Type: TABLE; Schema: public; Owner: postgres
--

CREATE TABLE public.auth_group_permissions (
    id bigint NOT NULL,
    group_id integer NOT NULL,
    permission_id integer NOT NULL
);


ALTER TABLE public.auth_group_permissions OWNER TO postgres;

--
-- Name: auth_group_permissions_id_seq; Type: SEQUENCE; Schema: public; Owner: postgres
--

ALTER TABLE public.auth_group_permissions ALTER COLUMN id ADD GENERATED BY DEFAULT AS IDENTITY (
    SEQUENCE NAME public.auth_group_permissions_id_seq
    START WITH 1
    INCREMENT BY 1
    NO MINVALUE
    NO MAXVALUE
    CACHE 1
);


--
-- Name: auth_permission; Type: TABLE; Schema: public; Owner: postgres
--

CREATE TABLE public.auth_permission (
    id integer NOT NULL,
    name character varying(255) NOT NULL,
    content_type_id integer NOT NULL,
    codename character varying(100) NOT NULL
);


ALTER TABLE public.auth_permission OWNER TO postgres;

--
-- Name: auth_permission_id_seq; Type: SEQUENCE; Schema: public; Owner: postgres
--

ALTER TABLE public.auth_permission ALTER COLUMN id ADD GENERATED BY DEFAULT AS IDENTITY (
    SEQUENCE NAME public.auth_permission_id_seq
    START WITH 1
    INCREMENT BY 1
    NO MINVALUE
    NO MAXVALUE
    CACHE 1
);


--
-- Name: auth_user; Type: TABLE; Schema: public; Owner: postgres
--

CREATE TABLE public.auth_user (
    id integer NOT NULL,
    password character varying(128) NOT NULL,
    last_login timestamp with time zone,
    is_superuser boolean NOT NULL,
    username character varying(150) NOT NULL,
    first_name character varying(150) NOT NULL,
    last_name character varying(150) NOT NULL,
    email character varying(254) NOT NULL,
    is_staff boolean NOT NULL,
    is_active boolean NOT NULL,
    date_joined timestamp with time zone NOT NULL
);


ALTER TABLE public.auth_user OWNER TO postgres;

--
-- Name: auth_user_groups; Type: TABLE; Schema: public; Owner: postgres
--

CREATE TABLE public.auth_user_groups (
    id bigint NOT NULL,
    user_id integer NOT NULL,
    group_id integer NOT NULL
);


ALTER TABLE public.auth_user_groups OWNER TO postgres;

--
-- Name: auth_user_groups_id_seq; Type: SEQUENCE; Schema: public; Owner: postgres
--

ALTER TABLE public.auth_user_groups ALTER COLUMN id ADD GENERATED BY DEFAULT AS IDENTITY (
    SEQUENCE NAME public.auth_user_groups_id_seq
    START WITH 1
    INCREMENT BY 1
    NO MINVALUE
    NO MAXVALUE
    CACHE 1
);


--
-- Name: auth_user_id_seq; Type: SEQUENCE; Schema: public; Owner: postgres
--

ALTER TABLE public.auth_user ALTER COLUMN id ADD GENERATED BY DEFAULT AS IDENTITY (
    SEQUENCE NAME public.auth_user_id_seq
    START WITH 1
    INCREMENT BY 1
    NO MINVALUE
    NO MAXVALUE
    CACHE 1
);


--
-- Name: auth_user_user_permissions; Type: TABLE; Schema: public; Owner: postgres
--

CREATE TABLE public.auth_user_user_permissions (
    id bigint NOT NULL,
    user_id integer NOT NULL,
    permission_id integer NOT NULL
);


ALTER TABLE public.auth_user_user_permissions OWNER TO postgres;

--
-- Name: auth_user_user_permissions_id_seq; Type: SEQUENCE; Schema: public; Owner: postgres
--

ALTER TABLE public.auth_user_user_permissions ALTER COLUMN id ADD GENERATED BY DEFAULT AS IDENTITY (
    SEQUENCE NAME public.auth_user_user_permissions_id_seq
    START WITH 1
    INCREMENT BY 1
    NO MINVALUE
    NO MAXVALUE
    CACHE 1
);


--
-- Name: backend_account; Type: TABLE; Schema: public; Owner: postgres
--

CREATE TABLE public.backend_account (
    id bigint NOT NULL,
    created_at timestamp with time zone NOT NULL,
    updated_at timestamp with time zone NOT NULL,
    email character varying(128),
    uid character varying(255)
);


ALTER TABLE public.backend_account OWNER TO postgres;

--
-- Name: backend_account_id_seq; Type: SEQUENCE; Schema: public; Owner: postgres
--

ALTER TABLE public.backend_account ALTER COLUMN id ADD GENERATED BY DEFAULT AS IDENTITY (
    SEQUENCE NAME public.backend_account_id_seq
    START WITH 1
    INCREMENT BY 1
    NO MINVALUE
    NO MAXVALUE
    CACHE 1
);


--
-- Name: django_admin_log; Type: TABLE; Schema: public; Owner: postgres
--

CREATE TABLE public.django_admin_log (
    id integer NOT NULL,
    action_time timestamp with time zone NOT NULL,
    object_id text,
    object_repr character varying(200) NOT NULL,
    action_flag smallint NOT NULL,
    change_message text NOT NULL,
    content_type_id integer,
    user_id integer NOT NULL,
    CONSTRAINT django_admin_log_action_flag_check CHECK ((action_flag >= 0))
);


ALTER TABLE public.django_admin_log OWNER TO postgres;

--
-- Name: django_admin_log_id_seq; Type: SEQUENCE; Schema: public; Owner: postgres
--

ALTER TABLE public.django_admin_log ALTER COLUMN id ADD GENERATED BY DEFAULT AS IDENTITY (
    SEQUENCE NAME public.django_admin_log_id_seq
    START WITH 1
    INCREMENT BY 1
    NO MINVALUE
    NO MAXVALUE
    CACHE 1
);


--
-- Name: django_content_type; Type: TABLE; Schema: public; Owner: postgres
--

CREATE TABLE public.django_content_type (
    id integer NOT NULL,
    app_label character varying(100) NOT NULL,
    model character varying(100) NOT NULL
);


ALTER TABLE public.django_content_type OWNER TO postgres;

--
-- Name: django_content_type_id_seq; Type: SEQUENCE; Schema: public; Owner: postgres
--

ALTER TABLE public.django_content_type ALTER COLUMN id ADD GENERATED BY DEFAULT AS IDENTITY (
    SEQUENCE NAME public.django_content_type_id_seq
    START WITH 1
    INCREMENT BY 1
    NO MINVALUE
    NO MAXVALUE
    CACHE 1
);


--
-- Name: django_migrations; Type: TABLE; Schema: public; Owner: postgres
--

CREATE TABLE public.django_migrations (
    id bigint NOT NULL,
    app character varying(255) NOT NULL,
    name character varying(255) NOT NULL,
    applied timestamp with time zone NOT NULL
);


ALTER TABLE public.django_migrations OWNER TO postgres;

--
-- Name: django_migrations_id_seq; Type: SEQUENCE; Schema: public; Owner: postgres
--

ALTER TABLE public.django_migrations ALTER COLUMN id ADD GENERATED BY DEFAULT AS IDENTITY (
    SEQUENCE NAME public.django_migrations_id_seq
    START WITH 1
    INCREMENT BY 1
    NO MINVALUE
    NO MAXVALUE
    CACHE 1
);


--
-- Name: django_session; Type: TABLE; Schema: public; Owner: postgres
--

CREATE TABLE public.django_session (
    session_key character varying(40) NOT NULL,
    session_data text NOT NULL,
    expire_date timestamp with time zone NOT NULL
);


ALTER TABLE public.django_session OWNER TO postgres;

--
-- Name: keywordrecognition_decomp; Type: TABLE; Schema: public; Owner: postgres
--

CREATE TABLE public.keywordrecognition_decomp (
    id bigint NOT NULL,
    created_at timestamp with time zone NOT NULL,
    updated_at timestamp with time zone NOT NULL,
    pattern character varying(255) NOT NULL,
    keyword_id bigint NOT NULL
);


ALTER TABLE public.keywordrecognition_decomp OWNER TO postgres;

--
-- Name: keywordrecognition_decomp_id_seq; Type: SEQUENCE; Schema: public; Owner: postgres
--

ALTER TABLE public.keywordrecognition_decomp ALTER COLUMN id ADD GENERATED BY DEFAULT AS IDENTITY (
    SEQUENCE NAME public.keywordrecognition_decomp_id_seq
    START WITH 1
    INCREMENT BY 1
    NO MINVALUE
    NO MAXVALUE
    CACHE 1
);


--
-- Name: keywordrecognition_eliza_bot; Type: TABLE; Schema: public; Owner: postgres
--

CREATE TABLE public.keywordrecognition_eliza_bot (
    id bigint NOT NULL,
    created_at timestamp with time zone NOT NULL,
    updated_at timestamp with time zone NOT NULL,
    name character varying(255) NOT NULL,
    description text,
    owner_id bigint NOT NULL
);


ALTER TABLE public.keywordrecognition_eliza_bot OWNER TO postgres;

--
-- Name: keywordrecognition_eliza_bot_id_seq; Type: SEQUENCE; Schema: public; Owner: postgres
--

ALTER TABLE public.keywordrecognition_eliza_bot ALTER COLUMN id ADD GENERATED BY DEFAULT AS IDENTITY (
    SEQUENCE NAME public.keywordrecognition_eliza_bot_id_seq
    START WITH 1
    INCREMENT BY 1
    NO MINVALUE
    NO MAXVALUE
    CACHE 1
);


--
-- Name: keywordrecognition_final; Type: TABLE; Schema: public; Owner: postgres
--

CREATE TABLE public.keywordrecognition_final (
    id bigint NOT NULL,
    created_at timestamp with time zone NOT NULL,
    updated_at timestamp with time zone NOT NULL,
    message text NOT NULL,
    bot_id bigint NOT NULL
);


ALTER TABLE public.keywordrecognition_final OWNER TO postgres;

--
-- Name: keywordrecognition_final_id_seq; Type: SEQUENCE; Schema: public; Owner: postgres
--

ALTER TABLE public.keywordrecognition_final ALTER COLUMN id ADD GENERATED BY DEFAULT AS IDENTITY (
    SEQUENCE NAME public.keywordrecognition_final_id_seq
    START WITH 1
    INCREMENT BY 1
    NO MINVALUE
    NO MAXVALUE
    CACHE 1
);


--
-- Name: keywordrecognition_intial; Type: TABLE; Schema: public; Owner: postgres
--

CREATE TABLE public.keywordrecognition_intial (
    id bigint NOT NULL,
    created_at timestamp with time zone NOT NULL,
    updated_at timestamp with time zone NOT NULL,
    message text NOT NULL,
    bot_id bigint NOT NULL
);


ALTER TABLE public.keywordrecognition_intial OWNER TO postgres;

--
-- Name: keywordrecognition_intial_id_seq; Type: SEQUENCE; Schema: public; Owner: postgres
--

ALTER TABLE public.keywordrecognition_intial ALTER COLUMN id ADD GENERATED BY DEFAULT AS IDENTITY (
    SEQUENCE NAME public.keywordrecognition_intial_id_seq
    START WITH 1
    INCREMENT BY 1
    NO MINVALUE
    NO MAXVALUE
    CACHE 1
);


--
-- Name: keywordrecognition_keyword; Type: TABLE; Schema: public; Owner: postgres
--

CREATE TABLE public.keywordrecognition_keyword (
    id bigint NOT NULL,
    created_at timestamp with time zone NOT NULL,
    updated_at timestamp with time zone NOT NULL,
    word character varying(255) NOT NULL,
    weight integer NOT NULL,
    bot_id bigint NOT NULL
);


ALTER TABLE public.keywordrecognition_keyword OWNER TO postgres;

--
-- Name: keywordrecognition_keyword_id_seq; Type: SEQUENCE; Schema: public; Owner: postgres
--

ALTER TABLE public.keywordrecognition_keyword ALTER COLUMN id ADD GENERATED BY DEFAULT AS IDENTITY (
    SEQUENCE NAME public.keywordrecognition_keyword_id_seq
    START WITH 1
    INCREMENT BY 1
    NO MINVALUE
    NO MAXVALUE
    CACHE 1
);


--
-- Name: keywordrecognition_postprocessing; Type: TABLE; Schema: public; Owner: postgres
--

CREATE TABLE public.keywordrecognition_postprocessing (
    id bigint NOT NULL,
    created_at timestamp with time zone NOT NULL,
    updated_at timestamp with time zone NOT NULL,
    input_word character varying(255) NOT NULL,
    output_word character varying(255) NOT NULL
);


ALTER TABLE public.keywordrecognition_postprocessing OWNER TO postgres;

--
-- Name: keywordrecognition_postprocessing_id_seq; Type: SEQUENCE; Schema: public; Owner: postgres
--

ALTER TABLE public.keywordrecognition_postprocessing ALTER COLUMN id ADD GENERATED BY DEFAULT AS IDENTITY (
    SEQUENCE NAME public.keywordrecognition_postprocessing_id_seq
    START WITH 1
    INCREMENT BY 1
    NO MINVALUE
    NO MAXVALUE
    CACHE 1
);


--
-- Name: keywordrecognition_quit; Type: TABLE; Schema: public; Owner: postgres
--

CREATE TABLE public.keywordrecognition_quit (
    id bigint NOT NULL,
    created_at timestamp with time zone NOT NULL,
    updated_at timestamp with time zone NOT NULL,
    trigger character varying(255) NOT NULL,
    bot_id bigint NOT NULL
);


ALTER TABLE public.keywordrecognition_quit OWNER TO postgres;

--
-- Name: keywordrecognition_quit_id_seq; Type: SEQUENCE; Schema: public; Owner: postgres
--

ALTER TABLE public.keywordrecognition_quit ALTER COLUMN id ADD GENERATED BY DEFAULT AS IDENTITY (
    SEQUENCE NAME public.keywordrecognition_quit_id_seq
    START WITH 1
    INCREMENT BY 1
    NO MINVALUE
    NO MAXVALUE
    CACHE 1
);


--
-- Name: keywordrecognition_reasmb; Type: TABLE; Schema: public; Owner: postgres
--

CREATE TABLE public.keywordrecognition_reasmb (
    id bigint NOT NULL,
    created_at timestamp with time zone NOT NULL,
    updated_at timestamp with time zone NOT NULL,
    template text NOT NULL,
    decomp_id bigint NOT NULL
);


ALTER TABLE public.keywordrecognition_reasmb OWNER TO postgres;

--
-- Name: keywordrecognition_reasmb_id_seq; Type: SEQUENCE; Schema: public; Owner: postgres
--

ALTER TABLE public.keywordrecognition_reasmb ALTER COLUMN id ADD GENERATED BY DEFAULT AS IDENTITY (
    SEQUENCE NAME public.keywordrecognition_reasmb_id_seq
    START WITH 1
    INCREMENT BY 1
    NO MINVALUE
    NO MAXVALUE
    CACHE 1
);


--
-- Name: keywordrecognition_synonym; Type: TABLE; Schema: public; Owner: postgres
--

CREATE TABLE public.keywordrecognition_synonym (
    id bigint NOT NULL,
    created_at timestamp with time zone NOT NULL,
    updated_at timestamp with time zone NOT NULL,
    word character varying(255) NOT NULL,
    value character varying(255) NOT NULL
);


ALTER TABLE public.keywordrecognition_synonym OWNER TO postgres;

--
-- Name: keywordrecognition_synonym_id_seq; Type: SEQUENCE; Schema: public; Owner: postgres
--

ALTER TABLE public.keywordrecognition_synonym ALTER COLUMN id ADD GENERATED BY DEFAULT AS IDENTITY (
    SEQUENCE NAME public.keywordrecognition_synonym_id_seq
    START WITH 1
    INCREMENT BY 1
    NO MINVALUE
    NO MAXVALUE
    CACHE 1
);


--
-- Data for Name: auth_group; Type: TABLE DATA; Schema: public; Owner: postgres
--

COPY public.auth_group (id, name) FROM stdin;
\.


--
-- Data for Name: auth_group_permissions; Type: TABLE DATA; Schema: public; Owner: postgres
--

COPY public.auth_group_permissions (id, group_id, permission_id) FROM stdin;
\.


--
-- Data for Name: auth_permission; Type: TABLE DATA; Schema: public; Owner: postgres
--

COPY public.auth_permission (id, name, content_type_id, codename) FROM stdin;
1	Can add account	1	add_account
2	Can change account	1	change_account
3	Can delete account	1	delete_account
4	Can view account	1	view_account
5	Can add eliza chatbot	2	add_elizachatbot
6	Can change eliza chatbot	2	change_elizachatbot
7	Can delete eliza chatbot	2	delete_elizachatbot
8	Can view eliza chatbot	2	view_elizachatbot
9	Can add log entry	3	add_logentry
10	Can change log entry	3	change_logentry
11	Can delete log entry	3	delete_logentry
12	Can view log entry	3	view_logentry
13	Can add permission	4	add_permission
14	Can change permission	4	change_permission
15	Can delete permission	4	delete_permission
16	Can view permission	4	view_permission
17	Can add group	5	add_group
18	Can change group	5	change_group
19	Can delete group	5	delete_group
20	Can view group	5	view_group
21	Can add user	6	add_user
22	Can change user	6	change_user
23	Can delete user	6	delete_user
24	Can view user	6	view_user
25	Can add content type	7	add_contenttype
26	Can change content type	7	change_contenttype
27	Can delete content type	7	delete_contenttype
28	Can view content type	7	view_contenttype
29	Can add session	8	add_session
30	Can change session	8	change_session
31	Can delete session	8	delete_session
32	Can view session	8	view_session
33	Can add postprocessing	9	add_postprocessing
34	Can change postprocessing	9	change_postprocessing
35	Can delete postprocessing	9	delete_postprocessing
36	Can view postprocessing	9	view_postprocessing
37	Can add Decomposition Rule	10	add_decomp
38	Can change Decomposition Rule	10	change_decomp
39	Can delete Decomposition Rule	10	delete_decomp
40	Can view Decomposition Rule	10	view_decomp
41	Can add Bot	11	add_bot
42	Can change Bot	11	change_bot
43	Can delete Bot	11	delete_bot
44	Can view Bot	11	view_bot
45	Can add Reassembling Rule	12	add_reasmb
46	Can change Reassembling Rule	12	change_reasmb
47	Can delete Reassembling Rule	12	delete_reasmb
48	Can view Reassembling Rule	12	view_reasmb
49	Can add keyword	13	add_keyword
50	Can change keyword	13	change_keyword
51	Can delete keyword	13	delete_keyword
52	Can view keyword	13	view_keyword
53	Can add Initial Message	14	add_initial
54	Can change Initial Message	14	change_initial
55	Can delete Initial Message	14	delete_initial
56	Can view Initial Message	14	view_initial
57	Can add Eliza Bot	15	add_elizabot
58	Can change Eliza Bot	15	change_elizabot
59	Can delete Eliza Bot	15	delete_elizabot
60	Can view Eliza Bot	15	view_elizabot
61	Can add Quit Message	16	add_quit
62	Can change Quit Message	16	change_quit
63	Can delete Quit Message	16	delete_quit
64	Can view Quit Message	16	view_quit
65	Can add Final Message	17	add_final
66	Can change Final Message	17	change_final
67	Can delete Final Message	17	delete_final
68	Can view Final Message	17	view_final
69	Can add preprocessing	18	add_preprocessing
70	Can change preprocessing	18	change_preprocessing
71	Can delete preprocessing	18	delete_preprocessing
72	Can view preprocessing	18	view_preprocessing
73	Can add Decomposition Rule	19	add_decomp
74	Can change Decomposition Rule	19	change_decomp
75	Can delete Decomposition Rule	19	delete_decomp
76	Can view Decomposition Rule	19	view_decomp
77	Can add Eliza Bot	20	add_elizabot
78	Can change Eliza Bot	20	change_elizabot
79	Can delete Eliza Bot	20	delete_elizabot
80	Can view Eliza Bot	20	view_elizabot
81	Can add postprocessing	21	add_postprocessing
82	Can change postprocessing	21	change_postprocessing
83	Can delete postprocessing	21	delete_postprocessing
84	Can view postprocessing	21	view_postprocessing
85	Can add synonym	22	add_synonym
86	Can change synonym	22	change_synonym
87	Can delete synonym	22	delete_synonym
88	Can view synonym	22	view_synonym
89	Can add Reassembling Rule	23	add_reasmb
90	Can change Reassembling Rule	23	change_reasmb
91	Can delete Reassembling Rule	23	delete_reasmb
92	Can view Reassembling Rule	23	view_reasmb
93	Can add Quit Message	24	add_quit
94	Can change Quit Message	24	change_quit
95	Can delete Quit Message	24	delete_quit
96	Can view Quit Message	24	view_quit
97	Can add keyword	25	add_keyword
98	Can change keyword	25	change_keyword
99	Can delete keyword	25	delete_keyword
100	Can view keyword	25	view_keyword
101	Can add Initial Message	26	add_initial
102	Can change Initial Message	26	change_initial
103	Can delete Initial Message	26	delete_initial
104	Can view Initial Message	26	view_initial
105	Can add Final Message	27	add_final
106	Can change Final Message	27	change_final
107	Can delete Final Message	27	delete_final
108	Can view Final Message	27	view_final
\.


--
-- Data for Name: auth_user; Type: TABLE DATA; Schema: public; Owner: postgres
--

COPY public.auth_user (id, password, last_login, is_superuser, username, first_name, last_name, email, is_staff, is_active, date_joined) FROM stdin;
1	pbkdf2_sha256$390000$YYfjxbrVFtwYrzX6d4PxDm$tD013Kax/3ERMCMpHg5H33HK7NgOD3lBV5k6ZM4Yqy4=	2023-04-09 17:42:54.525624+00	t	admin			admin@test.com	t	t	2023-03-30 17:50:59.248302+00
\.


--
-- Data for Name: auth_user_groups; Type: TABLE DATA; Schema: public; Owner: postgres
--

COPY public.auth_user_groups (id, user_id, group_id) FROM stdin;
\.


--
-- Data for Name: auth_user_user_permissions; Type: TABLE DATA; Schema: public; Owner: postgres
--

COPY public.auth_user_user_permissions (id, user_id, permission_id) FROM stdin;
\.


--
-- Data for Name: backend_account; Type: TABLE DATA; Schema: public; Owner: postgres
--

COPY public.backend_account (id, created_at, updated_at, email, uid) FROM stdin;
4	2023-04-05 15:20:39.574101+00	2023-04-05 15:20:39.574123+00	test@test.com	testuid
5	2023-04-09 08:41:45.17152+00	2023-04-09 08:41:45.171627+00	test6@test.com	f15TyxCXWKQrFBuXb2fm6PlLglz2
\.


--
-- Data for Name: django_admin_log; Type: TABLE DATA; Schema: public; Owner: postgres
--

COPY public.django_admin_log (id, action_time, object_id, object_repr, action_flag, change_message, content_type_id, user_id) FROM stdin;
1	2023-04-05 15:17:52.65909+00	1	1	3		1	1
2	2023-04-05 15:17:52.670953+00	2	2	3		1	1
3	2023-04-05 15:17:52.672809+00	3	3	3		1	1
4	2023-04-05 15:21:42.45337+00	1	1	1	[{"added": {}}]	20	1
5	2023-04-05 16:46:31.509271+00	1	cannot	1	[{"added": {}}]	25	1
6	2023-04-05 16:46:47.332115+00	1	1	1	[{"added": {}}]	19	1
7	2023-04-05 16:52:34.707817+00	2	test@test.com's Test bot 2	1	[{"added": {}}]	20	1
8	2023-04-05 17:18:32.946471+00	1	1	1	[{"added": {}}]	27	1
9	2023-04-05 17:22:03.637252+00	1	1	1	[{"added": {}}]	26	1
10	2023-04-05 17:40:39.291126+00	1	1	1	[{"added": {}}]	21	1
11	2023-04-05 17:44:20.176109+00	1	1	1	[{"added": {}}]	24	1
12	2023-04-05 17:52:16.448701+00	1	1	1	[{"added": {}}]	23	1
13	2023-04-05 17:57:56.016067+00	2	test@test.com's Test bot 2	3		20	1
\.


--
-- Data for Name: django_content_type; Type: TABLE DATA; Schema: public; Owner: postgres
--

COPY public.django_content_type (id, app_label, model) FROM stdin;
1	backend	account
2	backend	elizachatbot
3	admin	logentry
4	auth	permission
5	auth	group
6	auth	user
7	contenttypes	contenttype
8	sessions	session
9	backend	postprocessing
10	backend	decomp
11	backend	bot
12	backend	reasmb
13	backend	keyword
14	backend	initial
15	backend	elizabot
16	backend	quit
17	backend	final
18	backend	preprocessing
19	keywordrecognition	decomp
20	keywordrecognition	elizabot
21	keywordrecognition	postprocessing
22	keywordrecognition	synonym
23	keywordrecognition	reasmb
24	keywordrecognition	quit
25	keywordrecognition	keyword
26	keywordrecognition	initial
27	keywordrecognition	final
\.


--
-- Data for Name: django_migrations; Type: TABLE DATA; Schema: public; Owner: postgres
--

COPY public.django_migrations (id, app, name, applied) FROM stdin;
1	contenttypes	0001_initial	2023-03-30 17:50:05.787794+00
2	auth	0001_initial	2023-03-30 17:50:05.85762+00
3	admin	0001_initial	2023-03-30 17:50:05.878125+00
4	admin	0002_logentry_remove_auto_add	2023-03-30 17:50:05.883479+00
5	admin	0003_logentry_add_action_flag_choices	2023-03-30 17:50:05.888882+00
6	contenttypes	0002_remove_content_type_name	2023-03-30 17:50:05.90026+00
7	auth	0002_alter_permission_name_max_length	2023-03-30 17:50:05.906322+00
8	auth	0003_alter_user_email_max_length	2023-03-30 17:50:05.91214+00
9	auth	0004_alter_user_username_opts	2023-03-30 17:50:05.917749+00
10	auth	0005_alter_user_last_login_null	2023-03-30 17:50:05.92456+00
11	auth	0006_require_contenttypes_0002	2023-03-30 17:50:05.926824+00
12	auth	0007_alter_validators_add_error_messages	2023-03-30 17:50:05.932305+00
13	auth	0008_alter_user_username_max_length	2023-03-30 17:50:05.941411+00
14	auth	0009_alter_user_last_name_max_length	2023-03-30 17:50:05.947247+00
15	auth	0010_alter_group_name_max_length	2023-03-30 17:50:05.953758+00
16	auth	0011_update_proxy_permissions	2023-03-30 17:50:05.959219+00
17	auth	0012_alter_user_first_name_max_length	2023-03-30 17:50:05.965198+00
18	backend	0001_initial	2023-03-30 17:50:05.976931+00
20	sessions	0001_initial	2023-03-30 17:50:06.001028+00
23	backend	0002_decomp_elizabot_keyword_postprocessing_reasmb_quit_and_more	2023-04-05 11:42:46.212515+00
24	backend	0003_synonym_alter_postprocessing_options_and_more	2023-04-05 11:42:46.223022+00
25	backend	0004_remove_decomp_keyword_remove_elizabot_owner_and_more	2023-04-05 11:42:46.261917+00
26	keywordrecognition	0001_initial	2023-04-05 11:42:46.354672+00
29	keywordrecognition	0002_alter_keyword_options_alter_postprocessing_options_and_more	2023-04-05 17:40:14.667264+00
\.


--
-- Data for Name: django_session; Type: TABLE DATA; Schema: public; Owner: postgres
--

COPY public.django_session (session_key, session_data, expire_date) FROM stdin;
1osraowsafyl1jalmouq6j0m30o4oczp	.eJxVjDsOwjAQBe_iGln-26Gk5wzWeneNAyiR4qRC3B0ipYD2zcx7iQzb2vLWeckjibPQ4vS7FcAHTzugO0y3WeI8rctY5K7Ig3Z5nYmfl8P9O2jQ27f2wIxaUUCljTMQEmlXrPJYQuQKKVVbmVx0RQ1ISIOxvmrn6wBUbRTvD_dsOI4:1phwQR:FSMsd1BXI62myZ67kaHnV59V3u7nDNOcQdJdz4DQmzg	2023-04-13 17:51:03.121048+00
nniqhkhd4lq1xgxwoxvjmihrwx8jp7ek	.eJxVjDsOwjAQBe_iGln-26Gk5wzWeneNAyiR4qRC3B0ipYD2zcx7iQzb2vLWeckjibPQ4vS7FcAHTzugO0y3WeI8rctY5K7Ig3Z5nYmfl8P9O2jQ27f2wIxaUUCljTMQEmlXrPJYQuQKKVVbmVx0RQ1ISIOxvmrn6wBUbRTvD_dsOI4:1plSEX:9HYNkNFrQF0UlaZecB7dggPCZjxwVKECsotTEjsqK5g	2023-04-23 10:25:17.417488+00
l151q76q8qcre85ga3njl9apjti4xk8b	.eJxVjDsOwjAQBe_iGln-26Gk5wzWeneNAyiR4qRC3B0ipYD2zcx7iQzb2vLWeckjibPQ4vS7FcAHTzugO0y3WeI8rctY5K7Ig3Z5nYmfl8P9O2jQ27f2wIxaUUCljTMQEmlXrPJYQuQKKVVbmVx0RQ1ISIOxvmrn6wBUbRTvD_dsOI4:1plZ42:sHBcbj2vVWmQrj4W1IkOPRMLkJMUnPEA9yhdAhodfq4	2023-04-23 17:42:54.528705+00
\.


--
-- Data for Name: keywordrecognition_decomp; Type: TABLE DATA; Schema: public; Owner: postgres
--

COPY public.keywordrecognition_decomp (id, created_at, updated_at, pattern, keyword_id) FROM stdin;
1	2023-04-05 16:46:47.331108+00	2023-04-05 16:46:47.331134+00	* i cannot *	1
2	2023-04-05 18:01:28.732811+00	2023-04-05 18:01:28.732832+00	*	2
3	2023-04-05 18:01:28.752366+00	2023-04-05 18:01:28.752391+00	*	3
4	2023-04-05 18:01:28.770861+00	2023-04-05 18:01:28.770888+00	*	4
5	2023-04-05 18:01:28.782155+00	2023-04-05 18:01:28.782195+00	* i remember *	5
6	2023-04-05 18:01:28.813234+00	2023-04-05 18:01:28.813275+00	* do you remember *	5
7	2023-04-05 18:01:28.834251+00	2023-04-05 18:01:28.834275+00	* if *	6
8	2023-04-05 18:01:28.85089+00	2023-04-05 18:01:28.85091+00	* i dreamed *	7
9	2023-04-05 18:01:28.867728+00	2023-04-05 18:01:28.867749+00	*	8
10	2023-04-05 18:01:28.891804+00	2023-04-05 18:01:28.891824+00	*	9
11	2023-04-05 18:01:28.910673+00	2023-04-05 18:01:28.910693+00	*	10
12	2023-04-05 18:01:28.921842+00	2023-04-05 18:01:28.921863+00	*	11
13	2023-04-05 18:01:28.93425+00	2023-04-05 18:01:28.934276+00	*	12
14	2023-04-05 18:01:28.945586+00	2023-04-05 18:01:28.945607+00	*	13
15	2023-04-05 18:01:28.958531+00	2023-04-05 18:01:28.958551+00	*	14
16	2023-04-05 18:01:28.969495+00	2023-04-05 18:01:28.969516+00	*	15
17	2023-04-05 18:01:28.978054+00	2023-04-05 18:01:28.978076+00	*	16
18	2023-04-05 18:01:28.989463+00	2023-04-05 18:01:28.989484+00	*	17
19	2023-04-05 18:01:29.014437+00	2023-04-05 18:01:29.014463+00	* am i *	18
20	2023-04-05 18:01:29.035838+00	2023-04-05 18:01:29.035858+00	*	18
21	2023-04-05 18:01:29.047264+00	2023-04-05 18:01:29.047288+00	* are you *	19
22	2023-04-05 18:01:29.065124+00	2023-04-05 18:01:29.065159+00	* are *	19
23	2023-04-05 18:01:29.085679+00	2023-04-05 18:01:29.085704+00	* your *	20
24	2023-04-05 18:01:29.10906+00	2023-04-05 18:01:29.109098+00	* was i *	21
25	2023-04-05 18:01:29.131139+00	2023-04-05 18:01:29.131162+00	* i was *	21
26	2023-04-05 18:01:29.142381+00	2023-04-05 18:01:29.142401+00	* was you *	21
27	2023-04-05 18:01:29.161387+00	2023-04-05 18:01:29.161407+00	* i desire *	22
28	2023-04-05 18:01:29.182757+00	2023-04-05 18:01:29.182777+00	* i am * sad *	22
29	2023-04-05 18:01:29.196181+00	2023-04-05 18:01:29.196201+00	* i am * happy *	22
30	2023-04-05 18:01:29.210151+00	2023-04-05 18:01:29.21017+00	* i was *	22
31	2023-04-05 18:01:29.215595+00	2023-04-05 18:01:29.215615+00	* i belief * i *	22
32	2023-04-05 18:01:29.226389+00	2023-04-05 18:01:29.226409+00	* i * belief * you *	22
33	2023-04-05 18:01:29.232071+00	2023-04-05 18:01:29.232091+00	* i am *	22
34	2023-04-05 18:01:29.247229+00	2023-04-05 18:01:29.247249+00	* i cannot *	22
35	2023-04-05 18:01:29.260601+00	2023-04-05 18:01:29.260621+00	* i don't *	22
36	2023-04-05 18:01:29.274177+00	2023-04-05 18:01:29.274198+00	* do i feel *	22
37	2023-04-05 18:01:29.291236+00	2023-04-05 18:01:29.291256+00	* i * you *	22
38	2023-04-05 18:01:29.306012+00	2023-04-05 18:01:29.306033+00	*	22
39	2023-04-05 18:01:29.324509+00	2023-04-05 18:01:29.324529+00	* you remind me of *	23
40	2023-04-05 18:01:29.329974+00	2023-04-05 18:01:29.329996+00	* you are *	23
41	2023-04-05 18:01:29.34378+00	2023-04-05 18:01:29.343801+00	* you * me *	23
42	2023-04-05 18:01:29.365694+00	2023-04-05 18:01:29.365715+00	* you *	23
43	2023-04-05 18:01:29.384749+00	2023-04-05 18:01:29.384771+00	*	24
44	2023-04-05 18:01:29.401396+00	2023-04-05 18:01:29.401416+00	*	25
45	2023-04-05 18:01:29.418591+00	2023-04-05 18:01:29.418613+00	* my *	26
46	2023-04-05 18:01:29.432898+00	2023-04-05 18:01:29.432919+00	* my * family *	26
47	2023-04-05 18:01:29.466645+00	2023-04-05 18:01:29.466674+00	* can you *	27
48	2023-04-05 18:01:29.481003+00	2023-04-05 18:01:29.481026+00	* can i *	27
49	2023-04-05 18:01:29.498697+00	2023-04-05 18:01:29.498719+00	*	28
50	2023-04-05 18:01:29.532649+00	2023-04-05 18:01:29.53267+00	*	29
51	2023-04-05 18:01:29.550461+00	2023-04-05 18:01:29.550497+00	* why don't you *	30
52	2023-04-05 18:01:29.572995+00	2023-04-05 18:01:29.573032+00	* why can't i *	30
53	2023-04-05 18:01:29.593672+00	2023-04-05 18:01:29.593694+00	*	30
54	2023-04-05 18:01:29.604246+00	2023-04-05 18:01:29.604268+00	* everyone *	31
55	2023-04-05 18:01:29.635267+00	2023-04-05 18:01:29.63529+00	*	32
56	2023-04-05 18:01:29.643943+00	2023-04-05 18:01:29.643964+00	*	33
57	2023-04-05 18:01:29.65255+00	2023-04-05 18:01:29.652572+00	*	34
58	2023-04-05 18:01:29.661004+00	2023-04-05 18:01:29.661026+00	*	35
59	2023-04-05 18:01:29.679857+00	2023-04-05 18:01:29.679878+00	*	36
60	2023-04-05 18:01:29.707479+00	2023-04-05 18:01:29.7075+00	* be * like *	37
\.


--
-- Data for Name: keywordrecognition_eliza_bot; Type: TABLE DATA; Schema: public; Owner: postgres
--

COPY public.keywordrecognition_eliza_bot (id, created_at, updated_at, name, description, owner_id) FROM stdin;
1	2023-04-05 15:21:42.45169+00	2023-04-05 15:21:42.451733+00	Test Bot	Test little bot you know B)	4
3	2023-04-09 09:39:18.192269+00	2023-04-09 09:39:18.192394+00	test	string	5
\.


--
-- Data for Name: keywordrecognition_final; Type: TABLE DATA; Schema: public; Owner: postgres
--

COPY public.keywordrecognition_final (id, created_at, updated_at, message, bot_id) FROM stdin;
1	2023-04-05 17:18:32.945079+00	2023-04-05 17:18:32.945123+00	something in the way	1
2	2023-04-05 18:00:22.001025+00	2023-04-05 18:00:22.001051+00	Goodbye.  Thank you for talking to me.	1
\.


--
-- Data for Name: keywordrecognition_intial; Type: TABLE DATA; Schema: public; Owner: postgres
--

COPY public.keywordrecognition_intial (id, created_at, updated_at, message, bot_id) FROM stdin;
2	2023-04-05 18:00:21.995484+00	2023-04-05 18:00:21.99566+00	How do you do.  Please tell me your problem.	1
\.


--
-- Data for Name: keywordrecognition_keyword; Type: TABLE DATA; Schema: public; Owner: postgres
--

COPY public.keywordrecognition_keyword (id, created_at, updated_at, word, weight, bot_id) FROM stdin;
1	2023-04-05 16:46:31.507657+00	2023-04-05 16:46:31.507702+00	cannot	1	1
2	2023-04-05 18:01:28.728233+00	2023-04-05 18:01:28.728254+00	xnone	1	1
3	2023-04-05 18:01:28.749039+00	2023-04-05 18:01:28.74906+00	sorry	1	1
4	2023-04-05 18:01:28.767071+00	2023-04-05 18:01:28.767113+00	apologise	1	1
5	2023-04-05 18:01:28.777779+00	2023-04-05 18:01:28.777807+00	remember	5	1
6	2023-04-05 18:01:28.831447+00	2023-04-05 18:01:28.831468+00	if	3	1
7	2023-04-05 18:01:28.848149+00	2023-04-05 18:01:28.848169+00	dreamed	4	1
8	2023-04-05 18:01:28.86489+00	2023-04-05 18:01:28.864911+00	dream	3	1
9	2023-04-05 18:01:28.889086+00	2023-04-05 18:01:28.889107+00	perhaps	1	1
10	2023-04-05 18:01:28.907964+00	2023-04-05 18:01:28.907984+00	name	15	1
11	2023-04-05 18:01:28.919121+00	2023-04-05 18:01:28.919143+00	deutsch	1	1
12	2023-04-05 18:01:28.931177+00	2023-04-05 18:01:28.931199+00	francais	1	1
13	2023-04-05 18:01:28.942807+00	2023-04-05 18:01:28.942829+00	italiano	1	1
14	2023-04-05 18:01:28.955839+00	2023-04-05 18:01:28.955859+00	espanol	1	1
15	2023-04-05 18:01:28.96681+00	2023-04-05 18:01:28.966831+00	xforeign	1	1
16	2023-04-05 18:01:28.975184+00	2023-04-05 18:01:28.975206+00	hello	1	1
17	2023-04-05 18:01:28.986678+00	2023-04-05 18:01:28.986699+00	computer	50	1
18	2023-04-05 18:01:29.011257+00	2023-04-05 18:01:29.011285+00	am	1	1
19	2023-04-05 18:01:29.044234+00	2023-04-05 18:01:29.044255+00	are	1	1
20	2023-04-05 18:01:29.08256+00	2023-04-05 18:01:29.082586+00	your	1	1
21	2023-04-05 18:01:29.105201+00	2023-04-05 18:01:29.105238+00	was	2	1
22	2023-04-05 18:01:29.158748+00	2023-04-05 18:01:29.158767+00	i	1	1
23	2023-04-05 18:01:29.321803+00	2023-04-05 18:01:29.321824+00	you	1	1
24	2023-04-05 18:01:29.381975+00	2023-04-05 18:01:29.382+00	yes	1	1
25	2023-04-05 18:01:29.398645+00	2023-04-05 18:01:29.398665+00	no	1	1
26	2023-04-05 18:01:29.415696+00	2023-04-05 18:01:29.41572+00	my	2	1
27	2023-04-05 18:01:29.463744+00	2023-04-05 18:01:29.463766+00	can	1	1
28	2023-04-05 18:01:29.495857+00	2023-04-05 18:01:29.495879+00	what	1	1
29	2023-04-05 18:01:29.529746+00	2023-04-05 18:01:29.52977+00	because	1	1
30	2023-04-05 18:01:29.54702+00	2023-04-05 18:01:29.547042+00	why	1	1
31	2023-04-05 18:01:29.601377+00	2023-04-05 18:01:29.6014+00	everyone	2	1
32	2023-04-05 18:01:29.632363+00	2023-04-05 18:01:29.632385+00	everybody	2	1
33	2023-04-05 18:01:29.641171+00	2023-04-05 18:01:29.641192+00	nobody	2	1
34	2023-04-05 18:01:29.649781+00	2023-04-05 18:01:29.649802+00	noone	2	1
35	2023-04-05 18:01:29.658259+00	2023-04-05 18:01:29.658282+00	always	1	1
36	2023-04-05 18:01:29.677122+00	2023-04-05 18:01:29.677144+00	alike	10	1
37	2023-04-05 18:01:29.704698+00	2023-04-05 18:01:29.70472+00	like	10	1
\.


--
-- Data for Name: keywordrecognition_postprocessing; Type: TABLE DATA; Schema: public; Owner: postgres
--

COPY public.keywordrecognition_postprocessing (id, created_at, updated_at, input_word, output_word) FROM stdin;
1	2023-04-05 17:40:39.289751+00	2023-04-05 17:40:39.289793+00	I	you
2	2023-04-05 18:01:28.70106+00	2023-04-05 18:01:28.701084+00	are	am
3	2023-04-05 18:01:28.704071+00	2023-04-05 18:01:28.704104+00	my	your
4	2023-04-05 18:01:28.707065+00	2023-04-05 18:01:28.707085+00	you	me
5	2023-04-05 18:01:28.709728+00	2023-04-05 18:01:28.709753+00	yourself	myself
6	2023-04-05 18:01:28.71247+00	2023-04-05 18:01:28.712491+00	myself	yourself
7	2023-04-05 18:01:28.717303+00	2023-04-05 18:01:28.717328+00	you	i
8	2023-04-05 18:01:28.720961+00	2023-04-05 18:01:28.720991+00	your	my
9	2023-04-05 18:01:28.723529+00	2023-04-05 18:01:28.723549+00	you are	i'm
\.


--
-- Data for Name: keywordrecognition_quit; Type: TABLE DATA; Schema: public; Owner: postgres
--

COPY public.keywordrecognition_quit (id, created_at, updated_at, trigger, bot_id) FROM stdin;
1	2023-04-05 17:44:20.174675+00	2023-04-05 17:44:20.174717+00	bye	1
2	2023-04-05 18:00:22.007225+00	2023-04-05 18:00:22.007251+00	goodbye	1
3	2023-04-05 18:00:22.010439+00	2023-04-05 18:00:22.010462+00	quit	1
\.


--
-- Data for Name: keywordrecognition_reasmb; Type: TABLE DATA; Schema: public; Owner: postgres
--

COPY public.keywordrecognition_reasmb (id, created_at, updated_at, template, decomp_id) FROM stdin;
1	2023-04-05 17:52:16.447168+00	2023-04-05 17:52:16.447212+00	some thing in the wayne	1
2	2023-04-05 18:01:28.73763+00	2023-04-05 18:01:28.737651+00	I'm not sure I understand you fully.	2
3	2023-04-05 18:01:28.740519+00	2023-04-05 18:01:28.74054+00	Please go on.	2
4	2023-04-05 18:01:28.743331+00	2023-04-05 18:01:28.743352+00	What does that suggest to you ?	2
5	2023-04-05 18:01:28.746077+00	2023-04-05 18:01:28.746099+00	Do you feel strongly about discussing such things ?	2
6	2023-04-05 18:01:28.755475+00	2023-04-05 18:01:28.755498+00	Please don't apologise.	3
7	2023-04-05 18:01:28.758643+00	2023-04-05 18:01:28.75868+00	Apologies are not necessary.	3
8	2023-04-05 18:01:28.76271+00	2023-04-05 18:01:28.762745+00	I've told you that apologies are not required.	3
9	2023-04-05 18:01:28.774213+00	2023-04-05 18:01:28.774268+00	goto sorry	4
10	2023-04-05 18:01:28.786566+00	2023-04-05 18:01:28.78661+00	Do you often think of (2) ?	5
11	2023-04-05 18:01:28.790614+00	2023-04-05 18:01:28.790654+00	Does thinking of (2) bring anything else to mind ?	5
12	2023-04-05 18:01:28.794941+00	2023-04-05 18:01:28.794984+00	What else do you recollect ?	5
13	2023-04-05 18:01:28.801004+00	2023-04-05 18:01:28.801043+00	Why do you recollect (2) just now ?	5
14	2023-04-05 18:01:28.804819+00	2023-04-05 18:01:28.804854+00	What in the synonsent situation reminds you of (2) ?	5
15	2023-04-05 18:01:28.808731+00	2023-04-05 18:01:28.808773+00	What is the connection between me and (2) ?	5
16	2023-04-05 18:01:28.816864+00	2023-04-05 18:01:28.816891+00	Did you think I would forget (2) ?	6
17	2023-04-05 18:01:28.819948+00	2023-04-05 18:01:28.819974+00	Why do you think I should recall (2) now ?	6
18	2023-04-05 18:01:28.822939+00	2023-04-05 18:01:28.822964+00	What about (2) ?	6
19	2023-04-05 18:01:28.82578+00	2023-04-05 18:01:28.825802+00	goto what	6
20	2023-04-05 18:01:28.828548+00	2023-04-05 18:01:28.828569+00	You mentioned (2) ?	6
21	2023-04-05 18:01:28.837145+00	2023-04-05 18:01:28.837168+00	Do you think its likely that (2) ?	7
22	2023-04-05 18:01:28.839951+00	2023-04-05 18:01:28.839973+00	Do you wish that (2) ?	7
23	2023-04-05 18:01:28.842623+00	2023-04-05 18:01:28.842645+00	What do you know about (2) ?	7
24	2023-04-05 18:01:28.845331+00	2023-04-05 18:01:28.845351+00	Really, if (2) ?	7
25	2023-04-05 18:01:28.85355+00	2023-04-05 18:01:28.85357+00	Really, (2) ?	8
26	2023-04-05 18:01:28.856398+00	2023-04-05 18:01:28.856419+00	Have you ever fantasized (2) while you were awake ?	8
27	2023-04-05 18:01:28.859234+00	2023-04-05 18:01:28.859254+00	Have you ever dreamed (2) before ?	8
28	2023-04-05 18:01:28.861904+00	2023-04-05 18:01:28.861925+00	goto dream	8
29	2023-04-05 18:01:28.870501+00	2023-04-05 18:01:28.870521+00	What does that dream suggest to you ?	9
30	2023-04-05 18:01:28.877222+00	2023-04-05 18:01:28.877243+00	Do you dream often ?	9
31	2023-04-05 18:01:28.883369+00	2023-04-05 18:01:28.883389+00	What persons appear in your dreams ?	9
32	2023-04-05 18:01:28.88611+00	2023-04-05 18:01:28.88613+00	Do you believe that dreams have something to do with your problems ?	9
33	2023-04-05 18:01:28.894496+00	2023-04-05 18:01:28.894516+00	You don't seem quite certain.	10
34	2023-04-05 18:01:28.897151+00	2023-04-05 18:01:28.897171+00	Why the uncertain tone ?	10
35	2023-04-05 18:01:28.899787+00	2023-04-05 18:01:28.899807+00	Can't you be more positive ?	10
36	2023-04-05 18:01:28.902482+00	2023-04-05 18:01:28.902502+00	You aren't sure ?	10
37	2023-04-05 18:01:28.905154+00	2023-04-05 18:01:28.905175+00	Don't you know ?	10
38	2023-04-05 18:01:28.913459+00	2023-04-05 18:01:28.91348+00	I am not interested in names.	11
39	2023-04-05 18:01:28.916178+00	2023-04-05 18:01:28.916199+00	I've told you before, I don't care about names -- please continue.	11
40	2023-04-05 18:01:28.925408+00	2023-04-05 18:01:28.925444+00	goto xforeign	12
41	2023-04-05 18:01:28.928244+00	2023-04-05 18:01:28.928265+00	I told you before, I don't understand German.	12
42	2023-04-05 18:01:28.937126+00	2023-04-05 18:01:28.937148+00	goto xforeign	13
43	2023-04-05 18:01:28.939892+00	2023-04-05 18:01:28.939914+00	I told you before, I don't understand French.	13
44	2023-04-05 18:01:28.950344+00	2023-04-05 18:01:28.950366+00	goto xforeign	14
45	2023-04-05 18:01:28.953047+00	2023-04-05 18:01:28.953068+00	I told you before, I don't understand Italian.	14
46	2023-04-05 18:01:28.961231+00	2023-04-05 18:01:28.961252+00	goto xforeign	15
47	2023-04-05 18:01:28.963957+00	2023-04-05 18:01:28.963978+00	I told you before, I don't understand Spanish.	15
48	2023-04-05 18:01:28.97219+00	2023-04-05 18:01:28.97221+00	I speak only English.	16
49	2023-04-05 18:01:28.981026+00	2023-04-05 18:01:28.981049+00	How do you do.  Please state your problem.	17
50	2023-04-05 18:01:28.983773+00	2023-04-05 18:01:28.983794+00	Hi.  What seems to be your problem ?	17
51	2023-04-05 18:01:28.992239+00	2023-04-05 18:01:28.992261+00	Do computers worry you ?	18
52	2023-04-05 18:01:28.995318+00	2023-04-05 18:01:28.995353+00	Why do you mention computers ?	18
53	2023-04-05 18:01:28.998227+00	2023-04-05 18:01:28.998256+00	What do you think machines have to do with your problem ?	18
54	2023-04-05 18:01:29.001084+00	2023-04-05 18:01:29.001108+00	Don't you think computers can help people ?	18
55	2023-04-05 18:01:29.004061+00	2023-04-05 18:01:29.004088+00	What about machines worrys you ?	18
56	2023-04-05 18:01:29.007249+00	2023-04-05 18:01:29.007275+00	What do you think about machines ?	18
57	2023-04-05 18:01:29.017795+00	2023-04-05 18:01:29.01782+00	Do you believe you are (2) ?	19
58	2023-04-05 18:01:29.022828+00	2023-04-05 18:01:29.022853+00	Would you want to be (2) ?	19
59	2023-04-05 18:01:29.026041+00	2023-04-05 18:01:29.026078+00	Do you wish I would tell you you are (2) ?	19
60	2023-04-05 18:01:29.029916+00	2023-04-05 18:01:29.029943+00	What would it mean if you were (2) ?	19
61	2023-04-05 18:01:29.032984+00	2023-04-05 18:01:29.033006+00	goto what	19
62	2023-04-05 18:01:29.038557+00	2023-04-05 18:01:29.038577+00	Why do you say 'am' ?	20
63	2023-04-05 18:01:29.041231+00	2023-04-05 18:01:29.041253+00	I don't understand that.	20
64	2023-04-05 18:01:29.050136+00	2023-04-05 18:01:29.050168+00	Why are you interested in whether I am (2) or not ?	21
65	2023-04-05 18:01:29.053203+00	2023-04-05 18:01:29.053224+00	Would you synonfer if I weren't (2) ?	21
66	2023-04-05 18:01:29.056087+00	2023-04-05 18:01:29.056108+00	Perhaps I am (2) in your fantasies.	21
67	2023-04-05 18:01:29.059044+00	2023-04-05 18:01:29.059065+00	Do you sometimes think I am (2) ?	21
68	2023-04-05 18:01:29.061847+00	2023-04-05 18:01:29.061868+00	goto what	21
69	2023-04-05 18:01:29.069137+00	2023-04-05 18:01:29.069163+00	Did you think they might not be (2) ?	22
70	2023-04-05 18:01:29.072281+00	2023-04-05 18:01:29.072306+00	Would you like it if they were not (2) ?	22
71	2023-04-05 18:01:29.075558+00	2023-04-05 18:01:29.075584+00	What if they were not (2) ?	22
72	2023-04-05 18:01:29.07887+00	2023-04-05 18:01:29.078898+00	Possibly they are (2) .	22
73	2023-04-05 18:01:29.088677+00	2023-04-05 18:01:29.088715+00	Why are you concerned over my (2) ?	23
74	2023-04-05 18:01:29.091682+00	2023-04-05 18:01:29.091707+00	What about your own (2) ?	23
75	2023-04-05 18:01:29.094973+00	2023-04-05 18:01:29.095011+00	Are you worried about someone else's (2) ?	23
76	2023-04-05 18:01:29.101154+00	2023-04-05 18:01:29.101192+00	Really, my (2) ?	23
77	2023-04-05 18:01:29.112813+00	2023-04-05 18:01:29.112847+00	What if you were (2) ?	24
78	2023-04-05 18:01:29.116384+00	2023-04-05 18:01:29.116408+00	Do you think you were (2) ?	24
79	2023-04-05 18:01:29.119361+00	2023-04-05 18:01:29.119383+00	Were you (2) ?	24
80	2023-04-05 18:01:29.122347+00	2023-04-05 18:01:29.122371+00	What would it mean if you were (2) ?	24
81	2023-04-05 18:01:29.125271+00	2023-04-05 18:01:29.125294+00	What does (2) suggest to you ?	24
82	2023-04-05 18:01:29.128238+00	2023-04-05 18:01:29.128262+00	goto what	24
83	2023-04-05 18:01:29.134003+00	2023-04-05 18:01:29.134024+00	Were you really ?	25
84	2023-04-05 18:01:29.136741+00	2023-04-05 18:01:29.136761+00	Why do you tell me you were (2) now ?	25
85	2023-04-05 18:01:29.139669+00	2023-04-05 18:01:29.139689+00	Perhaps I already know you were (2) .	25
86	2023-04-05 18:01:29.145121+00	2023-04-05 18:01:29.145141+00	Would you like to believe I was (2) ?	26
87	2023-04-05 18:01:29.147779+00	2023-04-05 18:01:29.1478+00	What suggests that I was (2) ?	26
88	2023-04-05 18:01:29.150561+00	2023-04-05 18:01:29.150581+00	What do you think ?	26
89	2023-04-05 18:01:29.153255+00	2023-04-05 18:01:29.153275+00	Perhaps I was (2) .	26
90	2023-04-05 18:01:29.155906+00	2023-04-05 18:01:29.155926+00	What if I had been (2) ?	26
91	2023-04-05 18:01:29.164111+00	2023-04-05 18:01:29.164133+00	What would it mean to you if you got (3) ?	27
92	2023-04-05 18:01:29.167148+00	2023-04-05 18:01:29.16717+00	Why do you want (3) ?	27
93	2023-04-05 18:01:29.169847+00	2023-04-05 18:01:29.169866+00	Suppose you got (3) soon ?	27
94	2023-04-05 18:01:29.174507+00	2023-04-05 18:01:29.174528+00	What if you never got (3) ?	27
95	2023-04-05 18:01:29.177308+00	2023-04-05 18:01:29.177329+00	What would getting (3) mean to you ?	27
96	2023-04-05 18:01:29.180036+00	2023-04-05 18:01:29.180055+00	What does wanting (3) have to do with this discussion ?	27
97	2023-04-05 18:01:29.185439+00	2023-04-05 18:01:29.18546+00	I am sorry to hear that you are (3) .	28
98	2023-04-05 18:01:29.188107+00	2023-04-05 18:01:29.188127+00	Do you think that coming here will help you not to be (3) ?	28
99	2023-04-05 18:01:29.190824+00	2023-04-05 18:01:29.190844+00	I'm sure it's not pleasant to be (3) .	28
100	2023-04-05 18:01:29.193497+00	2023-04-05 18:01:29.193517+00	Can you explain what made you (3) ?	28
101	2023-04-05 18:01:29.198895+00	2023-04-05 18:01:29.198918+00	How have I helped you to be (3) ?	29
102	2023-04-05 18:01:29.201588+00	2023-04-05 18:01:29.201608+00	Has your treatment made you (3) ?	29
103	2023-04-05 18:01:29.204811+00	2023-04-05 18:01:29.204833+00	What makes you (3) just now ?	29
104	2023-04-05 18:01:29.207526+00	2023-04-05 18:01:29.207546+00	Can you explan why you are suddenly (3) ?	29
105	2023-04-05 18:01:29.212816+00	2023-04-05 18:01:29.212837+00	goto was	30
106	2023-04-05 18:01:29.218291+00	2023-04-05 18:01:29.21831+00	Do you really think so ?	31
107	2023-04-05 18:01:29.22094+00	2023-04-05 18:01:29.220959+00	But you are not sure you (3) .	31
108	2023-04-05 18:01:29.223608+00	2023-04-05 18:01:29.223628+00	Do you really doubt you (3) ?	31
109	2023-04-05 18:01:29.229217+00	2023-04-05 18:01:29.229238+00	goto you	32
110	2023-04-05 18:01:29.234753+00	2023-04-05 18:01:29.234774+00	Is it because you are (2) that you came to me ?	33
111	2023-04-05 18:01:29.239263+00	2023-04-05 18:01:29.239283+00	How long have you been (2) ?	33
112	2023-04-05 18:01:29.241916+00	2023-04-05 18:01:29.241936+00	Do you believe it is normal to be (2) ?	33
113	2023-04-05 18:01:29.244573+00	2023-04-05 18:01:29.244593+00	Do you enjoy being (2) ?	33
114	2023-04-05 18:01:29.249866+00	2023-04-05 18:01:29.249886+00	How do you think that you can't (3) ?	34
115	2023-04-05 18:01:29.252515+00	2023-04-05 18:01:29.252535+00	Have you tried ?	34
116	2023-04-05 18:01:29.255208+00	2023-04-05 18:01:29.255229+00	Perhaps you could (3) now.	34
117	2023-04-05 18:01:29.257905+00	2023-04-05 18:01:29.257924+00	Do you really want to be able to (3) ?	34
118	2023-04-05 18:01:29.263292+00	2023-04-05 18:01:29.263311+00	Don't you really (2) ?	35
119	2023-04-05 18:01:29.26598+00	2023-04-05 18:01:29.266+00	Why don't you (2) ?	35
120	2023-04-05 18:01:29.268742+00	2023-04-05 18:01:29.268762+00	Do you wish to be able to (2) ?	35
121	2023-04-05 18:01:29.2715+00	2023-04-05 18:01:29.271521+00	Does that trouble you ?	35
122	2023-04-05 18:01:29.276927+00	2023-04-05 18:01:29.276948+00	Tell me more about such feelings.	36
123	2023-04-05 18:01:29.279686+00	2023-04-05 18:01:29.279707+00	Do you often feel (2) ?	36
124	2023-04-05 18:01:29.285705+00	2023-04-05 18:01:29.285726+00	Do you enjoy feeling (2) ?	36
125	2023-04-05 18:01:29.288448+00	2023-04-05 18:01:29.288468+00	Of what does feeling (2) remind you ?	36
126	2023-04-05 18:01:29.294582+00	2023-04-05 18:01:29.294612+00	Perhaps in your fantasies we (2) each other.	37
127	2023-04-05 18:01:29.297454+00	2023-04-05 18:01:29.297474+00	Do you wish to (2) me ?	37
128	2023-04-05 18:01:29.300128+00	2023-04-05 18:01:29.300149+00	You seem to need to (2) me.	37
129	2023-04-05 18:01:29.30284+00	2023-04-05 18:01:29.30286+00	Do you (2) anyone else ?	37
130	2023-04-05 18:01:29.31074+00	2023-04-05 18:01:29.310762+00	You say (1) ?	38
131	2023-04-05 18:01:29.313481+00	2023-04-05 18:01:29.313503+00	Can you elaborate on that ?	38
132	2023-04-05 18:01:29.316194+00	2023-04-05 18:01:29.316217+00	Do you say (1) for some special reason ?	38
133	2023-04-05 18:01:29.3189+00	2023-04-05 18:01:29.31892+00	That's quite interesting.	38
134	2023-04-05 18:01:29.32726+00	2023-04-05 18:01:29.327281+00	goto alike	39
135	2023-04-05 18:01:29.332666+00	2023-04-05 18:01:29.332697+00	What makes you think I am (2) ?	40
136	2023-04-05 18:01:29.335404+00	2023-04-05 18:01:29.335425+00	Does it please you to believe I am (2) ?	40
137	2023-04-05 18:01:29.338101+00	2023-04-05 18:01:29.338122+00	Do you sometimes wish you were (2) ?	40
138	2023-04-05 18:01:29.34084+00	2023-04-05 18:01:29.34086+00	Perhaps you would like to be (2) .	40
139	2023-04-05 18:01:29.34662+00	2023-04-05 18:01:29.346641+00	Why do you think I (2) you ?	41
140	2023-04-05 18:01:29.349327+00	2023-04-05 18:01:29.349348+00	You like to think I (2) you -- don't you ?	41
141	2023-04-05 18:01:29.352028+00	2023-04-05 18:01:29.352049+00	What makes you think I (2) you ?	41
142	2023-04-05 18:01:29.35476+00	2023-04-05 18:01:29.354781+00	Really, I (2) you ?	41
143	2023-04-05 18:01:29.357469+00	2023-04-05 18:01:29.357489+00	Do you wish to believe I (2) you ?	41
144	2023-04-05 18:01:29.360183+00	2023-04-05 18:01:29.360203+00	Suppose I did (2) you -- what would that mean ?	41
145	2023-04-05 18:01:29.362924+00	2023-04-05 18:01:29.362944+00	Does someone else believe I (2) you ?	41
146	2023-04-05 18:01:29.368515+00	2023-04-05 18:01:29.368537+00	We were discussing you -- not me.	42
147	2023-04-05 18:01:29.371314+00	2023-04-05 18:01:29.371335+00	Oh, I (2) ?	42
148	2023-04-05 18:01:29.376157+00	2023-04-05 18:01:29.376179+00	You're not really talking about me -- are you ?	42
149	2023-04-05 18:01:29.379033+00	2023-04-05 18:01:29.379054+00	What are your feelings now ?	42
150	2023-04-05 18:01:29.38754+00	2023-04-05 18:01:29.387561+00	You seem to be quite positive.	43
151	2023-04-05 18:01:29.390306+00	2023-04-05 18:01:29.390327+00	You are sure.	43
152	2023-04-05 18:01:29.393046+00	2023-04-05 18:01:29.393066+00	I see.	43
153	2023-04-05 18:01:29.395746+00	2023-04-05 18:01:29.395767+00	I understand.	43
154	2023-04-05 18:01:29.404137+00	2023-04-05 18:01:29.404157+00	Are you saying no just to be negative?	44
155	2023-04-05 18:01:29.406886+00	2023-04-05 18:01:29.406907+00	You are being a bit negative.	44
156	2023-04-05 18:01:29.409711+00	2023-04-05 18:01:29.409734+00	Why not ?	44
157	2023-04-05 18:01:29.412702+00	2023-04-05 18:01:29.412724+00	Why 'no' ?	44
158	2023-04-05 18:01:29.421503+00	2023-04-05 18:01:29.421526+00	Lets discuss further why your (2) .	45
159	2023-04-05 18:01:29.424325+00	2023-04-05 18:01:29.424346+00	Earlier you said your (2) .	45
160	2023-04-05 18:01:29.42717+00	2023-04-05 18:01:29.427192+00	But your (2) .	45
161	2023-04-05 18:01:29.430012+00	2023-04-05 18:01:29.430033+00	Does that have anything to do with the fact that your (2) ?	45
162	2023-04-05 18:01:29.435681+00	2023-04-05 18:01:29.435704+00	Tell me more about your family.	46
163	2023-04-05 18:01:29.438502+00	2023-04-05 18:01:29.438523+00	Who else in your family (4) ?	46
164	2023-04-05 18:01:29.441313+00	2023-04-05 18:01:29.441334+00	Your (3) ?	46
165	2023-04-05 18:01:29.444119+00	2023-04-05 18:01:29.444141+00	What else comes to mind when you think of your (3) ?	46
166	2023-04-05 18:01:29.452058+00	2023-04-05 18:01:29.452082+00	Your (2) ?	45
167	2023-04-05 18:01:29.45499+00	2023-04-05 18:01:29.455013+00	Why do you say your (2) ?	45
168	2023-04-05 18:01:29.457865+00	2023-04-05 18:01:29.457887+00	Does that suggest anything else which belongs to you ?	45
169	2023-04-05 18:01:29.46074+00	2023-04-05 18:01:29.460763+00	Is it important that your (2) ?	45
170	2023-04-05 18:01:29.469576+00	2023-04-05 18:01:29.469598+00	You believe I can (2) don't you ?	47
171	2023-04-05 18:01:29.472418+00	2023-04-05 18:01:29.47244+00	goto what	47
172	2023-04-05 18:01:29.475285+00	2023-04-05 18:01:29.475307+00	You want me to be able to (2) .	47
173	2023-04-05 18:01:29.478122+00	2023-04-05 18:01:29.478144+00	Perhaps you would like to be able to (2) yourself.	47
174	2023-04-05 18:01:29.484107+00	2023-04-05 18:01:29.48413+00	Whether or not you can (2) depends on you more than me.	48
175	2023-04-05 18:01:29.487199+00	2023-04-05 18:01:29.487221+00	Do you want to be able to (2) ?	48
176	2023-04-05 18:01:29.490065+00	2023-04-05 18:01:29.490087+00	Perhaps you don't want to (2) .	48
177	2023-04-05 18:01:29.492889+00	2023-04-05 18:01:29.492911+00	goto what	48
178	2023-04-05 18:01:29.501517+00	2023-04-05 18:01:29.501539+00	Why do you ask ?	49
179	2023-04-05 18:01:29.50429+00	2023-04-05 18:01:29.504311+00	Does that question interest you ?	49
180	2023-04-05 18:01:29.507155+00	2023-04-05 18:01:29.507177+00	What is it you really wanted to know ?	49
181	2023-04-05 18:01:29.510006+00	2023-04-05 18:01:29.510029+00	Are such questions much on your mind ?	49
182	2023-04-05 18:01:29.512896+00	2023-04-05 18:01:29.512918+00	What answer would please you most ?	49
183	2023-04-05 18:01:29.515731+00	2023-04-05 18:01:29.515753+00	What do you think ?	49
184	2023-04-05 18:01:29.520586+00	2023-04-05 18:01:29.520609+00	What comes to mind when you ask that ?	49
185	2023-04-05 18:01:29.523465+00	2023-04-05 18:01:29.523486+00	Have you asked such questions before ?	49
186	2023-04-05 18:01:29.526707+00	2023-04-05 18:01:29.526729+00	Have you asked anyone else ?	49
187	2023-04-05 18:01:29.535483+00	2023-04-05 18:01:29.535506+00	Is that the real reason ?	50
188	2023-04-05 18:01:29.538354+00	2023-04-05 18:01:29.538376+00	Don't any other reasons come to mind ?	50
189	2023-04-05 18:01:29.541175+00	2023-04-05 18:01:29.541197+00	Does that reason seem to explain anything else ?	50
190	2023-04-05 18:01:29.543969+00	2023-04-05 18:01:29.543992+00	What other reasons might there be ?	50
191	2023-04-05 18:01:29.554194+00	2023-04-05 18:01:29.554253+00	Do you believe I don't (2) ?	51
192	2023-04-05 18:01:29.557945+00	2023-04-05 18:01:29.55798+00	Perhaps I will (2) in good time.	51
193	2023-04-05 18:01:29.561638+00	2023-04-05 18:01:29.561673+00	Should you (2) yourself ?	51
194	2023-04-05 18:01:29.565357+00	2023-04-05 18:01:29.565392+00	You want me to (2) ?	51
195	2023-04-05 18:01:29.56915+00	2023-04-05 18:01:29.569187+00	goto what	51
196	2023-04-05 18:01:29.576883+00	2023-04-05 18:01:29.57692+00	Do you think you should be able to (2) ?	52
197	2023-04-05 18:01:29.580704+00	2023-04-05 18:01:29.58074+00	Do you want to be able to (2) ?	52
198	2023-04-05 18:01:29.584424+00	2023-04-05 18:01:29.58446+00	Do you believe this will help you to (2) ?	52
199	2023-04-05 18:01:29.587901+00	2023-04-05 18:01:29.587922+00	Have you any idea why you can't (2) ?	52
200	2023-04-05 18:01:29.590777+00	2023-04-05 18:01:29.590799+00	goto what	52
201	2023-04-05 18:01:29.596519+00	2023-04-05 18:01:29.59654+00	goto what	53
202	2023-04-05 18:01:29.607091+00	2023-04-05 18:01:29.607113+00	Realy, (2) ?	54
203	2023-04-05 18:01:29.60988+00	2023-04-05 18:01:29.609902+00	Surely not (2) .	54
204	2023-04-05 18:01:29.612662+00	2023-04-05 18:01:29.612693+00	Can you think of anyone in particular ?	54
205	2023-04-05 18:01:29.615479+00	2023-04-05 18:01:29.6155+00	Who, for example?	54
206	2023-04-05 18:01:29.618273+00	2023-04-05 18:01:29.618296+00	Are you thinking of a very special person ?	54
207	2023-04-05 18:01:29.621068+00	2023-04-05 18:01:29.621103+00	Who, may I ask ?	54
208	2023-04-05 18:01:29.623859+00	2023-04-05 18:01:29.623882+00	Someone special perhaps ?	54
209	2023-04-05 18:01:29.62664+00	2023-04-05 18:01:29.626662+00	You have a particular person in mind, don't you ?	54
210	2023-04-05 18:01:29.629435+00	2023-04-05 18:01:29.629457+00	Who do you think you're talking about ?	54
211	2023-04-05 18:01:29.638138+00	2023-04-05 18:01:29.638161+00	goto everyone	55
212	2023-04-05 18:01:29.646857+00	2023-04-05 18:01:29.646879+00	goto everyone	56
213	2023-04-05 18:01:29.655371+00	2023-04-05 18:01:29.655393+00	goto everyone	57
214	2023-04-05 18:01:29.663732+00	2023-04-05 18:01:29.663753+00	Can you think of a specific example ?	58
215	2023-04-05 18:01:29.666477+00	2023-04-05 18:01:29.666499+00	When ?	58
216	2023-04-05 18:01:29.671355+00	2023-04-05 18:01:29.671378+00	What incident are you thinking of ?	58
217	2023-04-05 18:01:29.674126+00	2023-04-05 18:01:29.674148+00	Really, always ?	58
218	2023-04-05 18:01:29.682567+00	2023-04-05 18:01:29.682588+00	In what way ?	59
219	2023-04-05 18:01:29.68528+00	2023-04-05 18:01:29.6853+00	What resemblence do you see ?	59
220	2023-04-05 18:01:29.68801+00	2023-04-05 18:01:29.688031+00	What does that similarity suggest to you ?	59
221	2023-04-05 18:01:29.690746+00	2023-04-05 18:01:29.690767+00	What other connections do you see ?	59
222	2023-04-05 18:01:29.693497+00	2023-04-05 18:01:29.693519+00	What do you suppose that resemblence means ?	59
223	2023-04-05 18:01:29.696258+00	2023-04-05 18:01:29.696279+00	What is the connection, do you suppose ?	59
224	2023-04-05 18:01:29.699007+00	2023-04-05 18:01:29.699028+00	Could here really be some connection ?	59
225	2023-04-05 18:01:29.701748+00	2023-04-05 18:01:29.701769+00	How ?	59
226	2023-04-05 18:01:29.710238+00	2023-04-05 18:01:29.710261+00	goto alike	60
\.


--
-- Data for Name: keywordrecognition_synonym; Type: TABLE DATA; Schema: public; Owner: postgres
--

COPY public.keywordrecognition_synonym (id, created_at, updated_at, word, value) FROM stdin;
1	2023-04-05 18:01:28.656844+00	2023-04-05 18:01:28.65696+00	don't	dont
2	2023-04-05 18:01:28.661063+00	2023-04-05 18:01:28.661084+00	can't	cant
3	2023-04-05 18:01:28.663725+00	2023-04-05 18:01:28.663753+00	won't	wont
4	2023-04-05 18:01:28.6664+00	2023-04-05 18:01:28.666421+00	remember	recollect
5	2023-04-05 18:01:28.669067+00	2023-04-05 18:01:28.669087+00	dreamed	dreamt
6	2023-04-05 18:01:28.671636+00	2023-04-05 18:01:28.671658+00	dream	dreams
7	2023-04-05 18:01:28.674192+00	2023-04-05 18:01:28.674212+00	perhaps	maybe
8	2023-04-05 18:01:28.67685+00	2023-04-05 18:01:28.67687+00	what	how
9	2023-04-05 18:01:28.679381+00	2023-04-05 18:01:28.679401+00	what	when
10	2023-04-05 18:01:28.681864+00	2023-04-05 18:01:28.681884+00	yes	certainly
11	2023-04-05 18:01:28.684443+00	2023-04-05 18:01:28.684464+00	computer	machine
12	2023-04-05 18:01:28.686996+00	2023-04-05 18:01:28.687016+00	computer	computers
13	2023-04-05 18:01:28.689408+00	2023-04-05 18:01:28.689429+00	was	were
14	2023-04-05 18:01:28.691932+00	2023-04-05 18:01:28.691953+00	you are	you're
15	2023-04-05 18:01:28.694447+00	2023-04-05 18:01:28.694467+00	i am	i'm
16	2023-04-05 18:01:28.696972+00	2023-04-05 18:01:28.696993+00	alike	same
\.


--
-- Name: auth_group_id_seq; Type: SEQUENCE SET; Schema: public; Owner: postgres
--

SELECT pg_catalog.setval('public.auth_group_id_seq', 1, false);


--
-- Name: auth_group_permissions_id_seq; Type: SEQUENCE SET; Schema: public; Owner: postgres
--

SELECT pg_catalog.setval('public.auth_group_permissions_id_seq', 1, false);


--
-- Name: auth_permission_id_seq; Type: SEQUENCE SET; Schema: public; Owner: postgres
--

SELECT pg_catalog.setval('public.auth_permission_id_seq', 108, true);


--
-- Name: auth_user_groups_id_seq; Type: SEQUENCE SET; Schema: public; Owner: postgres
--

SELECT pg_catalog.setval('public.auth_user_groups_id_seq', 1, false);


--
-- Name: auth_user_id_seq; Type: SEQUENCE SET; Schema: public; Owner: postgres
--

SELECT pg_catalog.setval('public.auth_user_id_seq', 1, true);


--
-- Name: auth_user_user_permissions_id_seq; Type: SEQUENCE SET; Schema: public; Owner: postgres
--

SELECT pg_catalog.setval('public.auth_user_user_permissions_id_seq', 1, false);


--
-- Name: backend_account_id_seq; Type: SEQUENCE SET; Schema: public; Owner: postgres
--

SELECT pg_catalog.setval('public.backend_account_id_seq', 5, true);


--
-- Name: django_admin_log_id_seq; Type: SEQUENCE SET; Schema: public; Owner: postgres
--

SELECT pg_catalog.setval('public.django_admin_log_id_seq', 13, true);


--
-- Name: django_content_type_id_seq; Type: SEQUENCE SET; Schema: public; Owner: postgres
--

SELECT pg_catalog.setval('public.django_content_type_id_seq', 27, true);


--
-- Name: django_migrations_id_seq; Type: SEQUENCE SET; Schema: public; Owner: postgres
--

SELECT pg_catalog.setval('public.django_migrations_id_seq', 29, true);


--
-- Name: keywordrecognition_decomp_id_seq; Type: SEQUENCE SET; Schema: public; Owner: postgres
--

SELECT pg_catalog.setval('public.keywordrecognition_decomp_id_seq', 60, true);


--
-- Name: keywordrecognition_eliza_bot_id_seq; Type: SEQUENCE SET; Schema: public; Owner: postgres
--

SELECT pg_catalog.setval('public.keywordrecognition_eliza_bot_id_seq', 3, true);


--
-- Name: keywordrecognition_final_id_seq; Type: SEQUENCE SET; Schema: public; Owner: postgres
--

SELECT pg_catalog.setval('public.keywordrecognition_final_id_seq', 2, true);


--
-- Name: keywordrecognition_intial_id_seq; Type: SEQUENCE SET; Schema: public; Owner: postgres
--

SELECT pg_catalog.setval('public.keywordrecognition_intial_id_seq', 2, true);


--
-- Name: keywordrecognition_keyword_id_seq; Type: SEQUENCE SET; Schema: public; Owner: postgres
--

SELECT pg_catalog.setval('public.keywordrecognition_keyword_id_seq', 37, true);


--
-- Name: keywordrecognition_postprocessing_id_seq; Type: SEQUENCE SET; Schema: public; Owner: postgres
--

SELECT pg_catalog.setval('public.keywordrecognition_postprocessing_id_seq', 9, true);


--
-- Name: keywordrecognition_quit_id_seq; Type: SEQUENCE SET; Schema: public; Owner: postgres
--

SELECT pg_catalog.setval('public.keywordrecognition_quit_id_seq', 3, true);


--
-- Name: keywordrecognition_reasmb_id_seq; Type: SEQUENCE SET; Schema: public; Owner: postgres
--

SELECT pg_catalog.setval('public.keywordrecognition_reasmb_id_seq', 226, true);


--
-- Name: keywordrecognition_synonym_id_seq; Type: SEQUENCE SET; Schema: public; Owner: postgres
--

SELECT pg_catalog.setval('public.keywordrecognition_synonym_id_seq', 16, true);


--
-- Name: auth_group auth_group_name_key; Type: CONSTRAINT; Schema: public; Owner: postgres
--

ALTER TABLE ONLY public.auth_group
    ADD CONSTRAINT auth_group_name_key UNIQUE (name);


--
-- Name: auth_group_permissions auth_group_permissions_group_id_permission_id_0cd325b0_uniq; Type: CONSTRAINT; Schema: public; Owner: postgres
--

ALTER TABLE ONLY public.auth_group_permissions
    ADD CONSTRAINT auth_group_permissions_group_id_permission_id_0cd325b0_uniq UNIQUE (group_id, permission_id);


--
-- Name: auth_group_permissions auth_group_permissions_pkey; Type: CONSTRAINT; Schema: public; Owner: postgres
--

ALTER TABLE ONLY public.auth_group_permissions
    ADD CONSTRAINT auth_group_permissions_pkey PRIMARY KEY (id);


--
-- Name: auth_group auth_group_pkey; Type: CONSTRAINT; Schema: public; Owner: postgres
--

ALTER TABLE ONLY public.auth_group
    ADD CONSTRAINT auth_group_pkey PRIMARY KEY (id);


--
-- Name: auth_permission auth_permission_content_type_id_codename_01ab375a_uniq; Type: CONSTRAINT; Schema: public; Owner: postgres
--

ALTER TABLE ONLY public.auth_permission
    ADD CONSTRAINT auth_permission_content_type_id_codename_01ab375a_uniq UNIQUE (content_type_id, codename);


--
-- Name: auth_permission auth_permission_pkey; Type: CONSTRAINT; Schema: public; Owner: postgres
--

ALTER TABLE ONLY public.auth_permission
    ADD CONSTRAINT auth_permission_pkey PRIMARY KEY (id);


--
-- Name: auth_user_groups auth_user_groups_pkey; Type: CONSTRAINT; Schema: public; Owner: postgres
--

ALTER TABLE ONLY public.auth_user_groups
    ADD CONSTRAINT auth_user_groups_pkey PRIMARY KEY (id);


--
-- Name: auth_user_groups auth_user_groups_user_id_group_id_94350c0c_uniq; Type: CONSTRAINT; Schema: public; Owner: postgres
--

ALTER TABLE ONLY public.auth_user_groups
    ADD CONSTRAINT auth_user_groups_user_id_group_id_94350c0c_uniq UNIQUE (user_id, group_id);


--
-- Name: auth_user auth_user_pkey; Type: CONSTRAINT; Schema: public; Owner: postgres
--

ALTER TABLE ONLY public.auth_user
    ADD CONSTRAINT auth_user_pkey PRIMARY KEY (id);


--
-- Name: auth_user_user_permissions auth_user_user_permissions_pkey; Type: CONSTRAINT; Schema: public; Owner: postgres
--

ALTER TABLE ONLY public.auth_user_user_permissions
    ADD CONSTRAINT auth_user_user_permissions_pkey PRIMARY KEY (id);


--
-- Name: auth_user_user_permissions auth_user_user_permissions_user_id_permission_id_14a6b632_uniq; Type: CONSTRAINT; Schema: public; Owner: postgres
--

ALTER TABLE ONLY public.auth_user_user_permissions
    ADD CONSTRAINT auth_user_user_permissions_user_id_permission_id_14a6b632_uniq UNIQUE (user_id, permission_id);


--
-- Name: auth_user auth_user_username_key; Type: CONSTRAINT; Schema: public; Owner: postgres
--

ALTER TABLE ONLY public.auth_user
    ADD CONSTRAINT auth_user_username_key UNIQUE (username);


--
-- Name: backend_account backend_account_email_key; Type: CONSTRAINT; Schema: public; Owner: postgres
--

ALTER TABLE ONLY public.backend_account
    ADD CONSTRAINT backend_account_email_key UNIQUE (email);


--
-- Name: backend_account backend_account_pkey; Type: CONSTRAINT; Schema: public; Owner: postgres
--

ALTER TABLE ONLY public.backend_account
    ADD CONSTRAINT backend_account_pkey PRIMARY KEY (id);


--
-- Name: django_admin_log django_admin_log_pkey; Type: CONSTRAINT; Schema: public; Owner: postgres
--

ALTER TABLE ONLY public.django_admin_log
    ADD CONSTRAINT django_admin_log_pkey PRIMARY KEY (id);


--
-- Name: django_content_type django_content_type_app_label_model_76bd3d3b_uniq; Type: CONSTRAINT; Schema: public; Owner: postgres
--

ALTER TABLE ONLY public.django_content_type
    ADD CONSTRAINT django_content_type_app_label_model_76bd3d3b_uniq UNIQUE (app_label, model);


--
-- Name: django_content_type django_content_type_pkey; Type: CONSTRAINT; Schema: public; Owner: postgres
--

ALTER TABLE ONLY public.django_content_type
    ADD CONSTRAINT django_content_type_pkey PRIMARY KEY (id);


--
-- Name: django_migrations django_migrations_pkey; Type: CONSTRAINT; Schema: public; Owner: postgres
--

ALTER TABLE ONLY public.django_migrations
    ADD CONSTRAINT django_migrations_pkey PRIMARY KEY (id);


--
-- Name: django_session django_session_pkey; Type: CONSTRAINT; Schema: public; Owner: postgres
--

ALTER TABLE ONLY public.django_session
    ADD CONSTRAINT django_session_pkey PRIMARY KEY (session_key);


--
-- Name: keywordrecognition_decomp keywordrecognition_decomp_pkey; Type: CONSTRAINT; Schema: public; Owner: postgres
--

ALTER TABLE ONLY public.keywordrecognition_decomp
    ADD CONSTRAINT keywordrecognition_decomp_pkey PRIMARY KEY (id);


--
-- Name: keywordrecognition_eliza_bot keywordrecognition_eliza_bot_pkey; Type: CONSTRAINT; Schema: public; Owner: postgres
--

ALTER TABLE ONLY public.keywordrecognition_eliza_bot
    ADD CONSTRAINT keywordrecognition_eliza_bot_pkey PRIMARY KEY (id);


--
-- Name: keywordrecognition_final keywordrecognition_final_pkey; Type: CONSTRAINT; Schema: public; Owner: postgres
--

ALTER TABLE ONLY public.keywordrecognition_final
    ADD CONSTRAINT keywordrecognition_final_pkey PRIMARY KEY (id);


--
-- Name: keywordrecognition_intial keywordrecognition_intial_pkey; Type: CONSTRAINT; Schema: public; Owner: postgres
--

ALTER TABLE ONLY public.keywordrecognition_intial
    ADD CONSTRAINT keywordrecognition_intial_pkey PRIMARY KEY (id);


--
-- Name: keywordrecognition_keyword keywordrecognition_keyword_pkey; Type: CONSTRAINT; Schema: public; Owner: postgres
--

ALTER TABLE ONLY public.keywordrecognition_keyword
    ADD CONSTRAINT keywordrecognition_keyword_pkey PRIMARY KEY (id);


--
-- Name: keywordrecognition_postprocessing keywordrecognition_postprocessing_pkey; Type: CONSTRAINT; Schema: public; Owner: postgres
--

ALTER TABLE ONLY public.keywordrecognition_postprocessing
    ADD CONSTRAINT keywordrecognition_postprocessing_pkey PRIMARY KEY (id);


--
-- Name: keywordrecognition_quit keywordrecognition_quit_pkey; Type: CONSTRAINT; Schema: public; Owner: postgres
--

ALTER TABLE ONLY public.keywordrecognition_quit
    ADD CONSTRAINT keywordrecognition_quit_pkey PRIMARY KEY (id);


--
-- Name: keywordrecognition_reasmb keywordrecognition_reasmb_pkey; Type: CONSTRAINT; Schema: public; Owner: postgres
--

ALTER TABLE ONLY public.keywordrecognition_reasmb
    ADD CONSTRAINT keywordrecognition_reasmb_pkey PRIMARY KEY (id);


--
-- Name: keywordrecognition_synonym keywordrecognition_synonym_pkey; Type: CONSTRAINT; Schema: public; Owner: postgres
--

ALTER TABLE ONLY public.keywordrecognition_synonym
    ADD CONSTRAINT keywordrecognition_synonym_pkey PRIMARY KEY (id);


--
-- Name: auth_group_name_a6ea08ec_like; Type: INDEX; Schema: public; Owner: postgres
--

CREATE INDEX auth_group_name_a6ea08ec_like ON public.auth_group USING btree (name varchar_pattern_ops);


--
-- Name: auth_group_permissions_group_id_b120cbf9; Type: INDEX; Schema: public; Owner: postgres
--

CREATE INDEX auth_group_permissions_group_id_b120cbf9 ON public.auth_group_permissions USING btree (group_id);


--
-- Name: auth_group_permissions_permission_id_84c5c92e; Type: INDEX; Schema: public; Owner: postgres
--

CREATE INDEX auth_group_permissions_permission_id_84c5c92e ON public.auth_group_permissions USING btree (permission_id);


--
-- Name: auth_permission_content_type_id_2f476e4b; Type: INDEX; Schema: public; Owner: postgres
--

CREATE INDEX auth_permission_content_type_id_2f476e4b ON public.auth_permission USING btree (content_type_id);


--
-- Name: auth_user_groups_group_id_97559544; Type: INDEX; Schema: public; Owner: postgres
--

CREATE INDEX auth_user_groups_group_id_97559544 ON public.auth_user_groups USING btree (group_id);


--
-- Name: auth_user_groups_user_id_6a12ed8b; Type: INDEX; Schema: public; Owner: postgres
--

CREATE INDEX auth_user_groups_user_id_6a12ed8b ON public.auth_user_groups USING btree (user_id);


--
-- Name: auth_user_user_permissions_permission_id_1fbb5f2c; Type: INDEX; Schema: public; Owner: postgres
--

CREATE INDEX auth_user_user_permissions_permission_id_1fbb5f2c ON public.auth_user_user_permissions USING btree (permission_id);


--
-- Name: auth_user_user_permissions_user_id_a95ead1b; Type: INDEX; Schema: public; Owner: postgres
--

CREATE INDEX auth_user_user_permissions_user_id_a95ead1b ON public.auth_user_user_permissions USING btree (user_id);


--
-- Name: auth_user_username_6821ab7c_like; Type: INDEX; Schema: public; Owner: postgres
--

CREATE INDEX auth_user_username_6821ab7c_like ON public.auth_user USING btree (username varchar_pattern_ops);


--
-- Name: backend_account_email_65dc756d_like; Type: INDEX; Schema: public; Owner: postgres
--

CREATE INDEX backend_account_email_65dc756d_like ON public.backend_account USING btree (email varchar_pattern_ops);


--
-- Name: django_admin_log_content_type_id_c4bce8eb; Type: INDEX; Schema: public; Owner: postgres
--

CREATE INDEX django_admin_log_content_type_id_c4bce8eb ON public.django_admin_log USING btree (content_type_id);


--
-- Name: django_admin_log_user_id_c564eba6; Type: INDEX; Schema: public; Owner: postgres
--

CREATE INDEX django_admin_log_user_id_c564eba6 ON public.django_admin_log USING btree (user_id);


--
-- Name: django_session_expire_date_a5c62663; Type: INDEX; Schema: public; Owner: postgres
--

CREATE INDEX django_session_expire_date_a5c62663 ON public.django_session USING btree (expire_date);


--
-- Name: django_session_session_key_c0390e0f_like; Type: INDEX; Schema: public; Owner: postgres
--

CREATE INDEX django_session_session_key_c0390e0f_like ON public.django_session USING btree (session_key varchar_pattern_ops);


--
-- Name: keywordrecognition_decomp_keyword_id_b6b36cea; Type: INDEX; Schema: public; Owner: postgres
--

CREATE INDEX keywordrecognition_decomp_keyword_id_b6b36cea ON public.keywordrecognition_decomp USING btree (keyword_id);


--
-- Name: keywordrecognition_eliza_bot_owner_id_03281a07; Type: INDEX; Schema: public; Owner: postgres
--

CREATE INDEX keywordrecognition_eliza_bot_owner_id_03281a07 ON public.keywordrecognition_eliza_bot USING btree (owner_id);


--
-- Name: keywordrecognition_final_bot_id_8d2160a5; Type: INDEX; Schema: public; Owner: postgres
--

CREATE INDEX keywordrecognition_final_bot_id_8d2160a5 ON public.keywordrecognition_final USING btree (bot_id);


--
-- Name: keywordrecognition_intial_bot_id_b7b06afc; Type: INDEX; Schema: public; Owner: postgres
--

CREATE INDEX keywordrecognition_intial_bot_id_b7b06afc ON public.keywordrecognition_intial USING btree (bot_id);


--
-- Name: keywordrecognition_keyword_bot_id_375f67d1; Type: INDEX; Schema: public; Owner: postgres
--

CREATE INDEX keywordrecognition_keyword_bot_id_375f67d1 ON public.keywordrecognition_keyword USING btree (bot_id);


--
-- Name: keywordrecognition_quit_bot_id_9111c08e; Type: INDEX; Schema: public; Owner: postgres
--

CREATE INDEX keywordrecognition_quit_bot_id_9111c08e ON public.keywordrecognition_quit USING btree (bot_id);


--
-- Name: keywordrecognition_reasmb_decomp_id_fabae39a; Type: INDEX; Schema: public; Owner: postgres
--

CREATE INDEX keywordrecognition_reasmb_decomp_id_fabae39a ON public.keywordrecognition_reasmb USING btree (decomp_id);


--
-- Name: auth_group_permissions auth_group_permissio_permission_id_84c5c92e_fk_auth_perm; Type: FK CONSTRAINT; Schema: public; Owner: postgres
--

ALTER TABLE ONLY public.auth_group_permissions
    ADD CONSTRAINT auth_group_permissio_permission_id_84c5c92e_fk_auth_perm FOREIGN KEY (permission_id) REFERENCES public.auth_permission(id) DEFERRABLE INITIALLY DEFERRED;


--
-- Name: auth_group_permissions auth_group_permissions_group_id_b120cbf9_fk_auth_group_id; Type: FK CONSTRAINT; Schema: public; Owner: postgres
--

ALTER TABLE ONLY public.auth_group_permissions
    ADD CONSTRAINT auth_group_permissions_group_id_b120cbf9_fk_auth_group_id FOREIGN KEY (group_id) REFERENCES public.auth_group(id) DEFERRABLE INITIALLY DEFERRED;


--
-- Name: auth_permission auth_permission_content_type_id_2f476e4b_fk_django_co; Type: FK CONSTRAINT; Schema: public; Owner: postgres
--

ALTER TABLE ONLY public.auth_permission
    ADD CONSTRAINT auth_permission_content_type_id_2f476e4b_fk_django_co FOREIGN KEY (content_type_id) REFERENCES public.django_content_type(id) DEFERRABLE INITIALLY DEFERRED;


--
-- Name: auth_user_groups auth_user_groups_group_id_97559544_fk_auth_group_id; Type: FK CONSTRAINT; Schema: public; Owner: postgres
--

ALTER TABLE ONLY public.auth_user_groups
    ADD CONSTRAINT auth_user_groups_group_id_97559544_fk_auth_group_id FOREIGN KEY (group_id) REFERENCES public.auth_group(id) DEFERRABLE INITIALLY DEFERRED;


--
-- Name: auth_user_groups auth_user_groups_user_id_6a12ed8b_fk_auth_user_id; Type: FK CONSTRAINT; Schema: public; Owner: postgres
--

ALTER TABLE ONLY public.auth_user_groups
    ADD CONSTRAINT auth_user_groups_user_id_6a12ed8b_fk_auth_user_id FOREIGN KEY (user_id) REFERENCES public.auth_user(id) DEFERRABLE INITIALLY DEFERRED;


--
-- Name: auth_user_user_permissions auth_user_user_permi_permission_id_1fbb5f2c_fk_auth_perm; Type: FK CONSTRAINT; Schema: public; Owner: postgres
--

ALTER TABLE ONLY public.auth_user_user_permissions
    ADD CONSTRAINT auth_user_user_permi_permission_id_1fbb5f2c_fk_auth_perm FOREIGN KEY (permission_id) REFERENCES public.auth_permission(id) DEFERRABLE INITIALLY DEFERRED;


--
-- Name: auth_user_user_permissions auth_user_user_permissions_user_id_a95ead1b_fk_auth_user_id; Type: FK CONSTRAINT; Schema: public; Owner: postgres
--

ALTER TABLE ONLY public.auth_user_user_permissions
    ADD CONSTRAINT auth_user_user_permissions_user_id_a95ead1b_fk_auth_user_id FOREIGN KEY (user_id) REFERENCES public.auth_user(id) DEFERRABLE INITIALLY DEFERRED;


--
-- Name: django_admin_log django_admin_log_content_type_id_c4bce8eb_fk_django_co; Type: FK CONSTRAINT; Schema: public; Owner: postgres
--

ALTER TABLE ONLY public.django_admin_log
    ADD CONSTRAINT django_admin_log_content_type_id_c4bce8eb_fk_django_co FOREIGN KEY (content_type_id) REFERENCES public.django_content_type(id) DEFERRABLE INITIALLY DEFERRED;


--
-- Name: django_admin_log django_admin_log_user_id_c564eba6_fk_auth_user_id; Type: FK CONSTRAINT; Schema: public; Owner: postgres
--

ALTER TABLE ONLY public.django_admin_log
    ADD CONSTRAINT django_admin_log_user_id_c564eba6_fk_auth_user_id FOREIGN KEY (user_id) REFERENCES public.auth_user(id) DEFERRABLE INITIALLY DEFERRED;


--
-- Name: keywordrecognition_decomp keywordrecognition_d_keyword_id_b6b36cea_fk_keywordre; Type: FK CONSTRAINT; Schema: public; Owner: postgres
--

ALTER TABLE ONLY public.keywordrecognition_decomp
    ADD CONSTRAINT keywordrecognition_d_keyword_id_b6b36cea_fk_keywordre FOREIGN KEY (keyword_id) REFERENCES public.keywordrecognition_keyword(id) DEFERRABLE INITIALLY DEFERRED;


--
-- Name: keywordrecognition_eliza_bot keywordrecognition_e_owner_id_03281a07_fk_backend_a; Type: FK CONSTRAINT; Schema: public; Owner: postgres
--

ALTER TABLE ONLY public.keywordrecognition_eliza_bot
    ADD CONSTRAINT keywordrecognition_e_owner_id_03281a07_fk_backend_a FOREIGN KEY (owner_id) REFERENCES public.backend_account(id) DEFERRABLE INITIALLY DEFERRED;


--
-- Name: keywordrecognition_final keywordrecognition_f_bot_id_8d2160a5_fk_keywordre; Type: FK CONSTRAINT; Schema: public; Owner: postgres
--

ALTER TABLE ONLY public.keywordrecognition_final
    ADD CONSTRAINT keywordrecognition_f_bot_id_8d2160a5_fk_keywordre FOREIGN KEY (bot_id) REFERENCES public.keywordrecognition_eliza_bot(id) DEFERRABLE INITIALLY DEFERRED;


--
-- Name: keywordrecognition_intial keywordrecognition_i_bot_id_b7b06afc_fk_keywordre; Type: FK CONSTRAINT; Schema: public; Owner: postgres
--

ALTER TABLE ONLY public.keywordrecognition_intial
    ADD CONSTRAINT keywordrecognition_i_bot_id_b7b06afc_fk_keywordre FOREIGN KEY (bot_id) REFERENCES public.keywordrecognition_eliza_bot(id) DEFERRABLE INITIALLY DEFERRED;


--
-- Name: keywordrecognition_keyword keywordrecognition_k_bot_id_375f67d1_fk_keywordre; Type: FK CONSTRAINT; Schema: public; Owner: postgres
--

ALTER TABLE ONLY public.keywordrecognition_keyword
    ADD CONSTRAINT keywordrecognition_k_bot_id_375f67d1_fk_keywordre FOREIGN KEY (bot_id) REFERENCES public.keywordrecognition_eliza_bot(id) DEFERRABLE INITIALLY DEFERRED;


--
-- Name: keywordrecognition_quit keywordrecognition_q_bot_id_9111c08e_fk_keywordre; Type: FK CONSTRAINT; Schema: public; Owner: postgres
--

ALTER TABLE ONLY public.keywordrecognition_quit
    ADD CONSTRAINT keywordrecognition_q_bot_id_9111c08e_fk_keywordre FOREIGN KEY (bot_id) REFERENCES public.keywordrecognition_eliza_bot(id) DEFERRABLE INITIALLY DEFERRED;


--
-- Name: keywordrecognition_reasmb keywordrecognition_r_decomp_id_fabae39a_fk_keywordre; Type: FK CONSTRAINT; Schema: public; Owner: postgres
--

ALTER TABLE ONLY public.keywordrecognition_reasmb
    ADD CONSTRAINT keywordrecognition_r_decomp_id_fabae39a_fk_keywordre FOREIGN KEY (decomp_id) REFERENCES public.keywordrecognition_decomp(id) DEFERRABLE INITIALLY DEFERRED;


--
-- PostgreSQL database dump complete
--

--
-- PostgreSQL database cluster dump complete
--

